{
  "accuracy": 0.8944444444444445,
  "cv_mean": 0.8844444444444445,
  "cv_std": 0.012496913199113323,
  "rows": 1800,
  "feature_importances": {
    "skills_count": 0.27868802742732085,
    "has_email": 0.02334537272458699,
    "has_phone": 0.028832414185690058,
    "has_name": 0.026730811839291758,
    "word_count": 0.08404683930660806,
    "education_count": 0.14397193422130544,
    "experience_years": 0.24212335047299535,
    "project_count": 0.08842041523716093,
    "cert_count": 0.04456635326930842,
    "section_count": 0.03927448131573215
  }
}